{
  "mean": [
    49.531625984934124,
    5.0735638522056625,
    9.29625
  ],
  "scale": [
    29.260004439603218,
    2.8931207040073357,
    5.57592915463423
  ],
  "feature_order": [
    "Rainfall",
    "River_Water_Level",
    "Location"
  ]
}